CREATE TABLE "productslist" (
  "id" int PRIMARY KEY,
  "item_name" VARCHAR(50),
  "type_name" VARCHAR(50),
  "rank" INT,
  "cost" INT
);

CREATE TABLE "customers" (
  "id" int PRIMARY KEY,
  "basket_id" int,
  "cust_name" VARCHAR(50),
  "cust_email" VARCHAR(50),
  "cust_phone_number" VARCHAR(50),
  "cust_location" VARCHAR(50),
  "cust_payment" VARCHAR(50)
);

CREATE TABLE "basket" (
  "id" int PRIMARY KEY,
  "cost" VARCHAR(50),
  "counter" INT,
  "productslist_id" INT
);

CREATE TABLE "company" (
  "id" int PRIMARY KEY,
  "country" VARCHAR(50),
  "productslist_id" INT
);

ALTER TABLE "customers" ADD FOREIGN KEY ("basket_id") REFERENCES "basket" ("id");

ALTER TABLE "basket" ADD FOREIGN KEY ("productslist_id") REFERENCES "productslist" ("id");

ALTER TABLE "company" ADD FOREIGN KEY ("productslist_id") REFERENCES "productslist" ("id");





insert into productslist (id, item_name, type_name, rank, cost) values (1, 'Sausage - Blood Pudding', 'Plastic', 1, 70);
insert into productslist (id, item_name, type_name, rank, cost) values (2, 'Leeks - Large', 'Wood', 2, 62);
insert into productslist (id, item_name, type_name, rank, cost) values (3, 'Cheese - Swiss', 'Vinyl', 3, 94);
insert into productslist (id, item_name, type_name, rank, cost) values (4, 'Pepper - White, Ground', 'Rubber', 4, 67);
insert into productslist (id, item_name, type_name, rank, cost) values (5, 'Lychee - Canned', 'Steel', 5, 66);
insert into productslist (id, item_name, type_name, rank, cost) values (6, 'Plasticspoonblack', 'Granite', 6, 91);
insert into productslist (id, item_name, type_name, rank, cost) values (7, 'Five Alive Citrus', 'Plexiglass', 7, 96);
insert into productslist (id, item_name, type_name, rank, cost) values (8, 'Muffin - Mix - Strawberry Rhubarb', 'Steel', 8, 43);
insert into productslist (id, item_name, type_name, rank, cost) values (9, 'Rice - Wild', 'Rubber', 9, 75);
insert into productslist (id, item_name, type_name, rank, cost) values (10, 'Beef - Kobe Striploin', 'Rubber', 10, 18);
insert into productslist (id, item_name, type_name, rank, cost) values (11, 'Lobster - Canned Premium', 'Glass', 11, 7);
insert into productslist (id, item_name, type_name, rank, cost) values (12, 'Wine - Toasted Head', 'Glass', 12, 67);
insert into productslist (id, item_name, type_name, rank, cost) values (13, 'Nescafe - Frothy French Vanilla', 'Granite', 13, 63);
insert into productslist (id, item_name, type_name, rank, cost) values (14, 'Garlic - Elephant', 'Aluminum', 14, 45);
insert into productslist (id, item_name, type_name, rank, cost) values (15, 'Gingerale - Schweppes, 355 Ml', 'Brass', 15, 41);
insert into productslist (id, item_name, type_name, rank, cost) values (16, 'Turkey Tenderloin Frozen', 'Wood', 16, 28);
insert into productslist (id, item_name, type_name, rank, cost) values (17, 'V8 Splash Strawberry Banana', 'Plastic', 17, 30);
insert into productslist (id, item_name, type_name, rank, cost) values (18, 'Jam - Marmalade, Orange', 'Plastic', 18, 97);
insert into productslist (id, item_name, type_name, rank, cost) values (19, 'Fudge - Chocolate Fudge', 'Aluminum', 19, 41);
insert into productslist (id, item_name, type_name, rank, cost) values (20, 'Cream - 10%', 'Plexiglass', 20, 1);
insert into productslist (id, item_name, type_name, rank, cost) values (21, 'Cheese - Cream Cheese', 'Steel', 21, 58);
insert into productslist (id, item_name, type_name, rank, cost) values (22, 'Orange Roughy 6/8 Oz', 'Stone', 22, 37);
insert into productslist (id, item_name, type_name, rank, cost) values (23, 'Chambord Royal', 'Brass', 23, 95);
insert into productslist (id, item_name, type_name, rank, cost) values (24, 'Wine - White, Mosel Gold', 'Plexiglass', 24, 89);
insert into productslist (id, item_name, type_name, rank, cost) values (25, 'Yogurt - French Vanilla', 'Granite', 25, 71);
insert into productslist (id, item_name, type_name, rank, cost) values (26, 'Flower - Commercial Spider', 'Brass', 26, 50);
insert into productslist (id, item_name, type_name, rank, cost) values (27, 'Flour Pastry Super Fine', 'Steel', 27, 50);
insert into productslist (id, item_name, type_name, rank, cost) values (28, 'Pastry - Butterscotch Baked', 'Granite', 28, 57);
insert into productslist (id, item_name, type_name, rank, cost) values (29, 'Flour - Fast / Rapid', 'Rubber', 29, 97);
insert into productslist (id, item_name, type_name, rank, cost) values (30, 'Syrup - Golden, Lyles', 'Plastic', 30, 67);
insert into productslist (id, item_name, type_name, rank, cost) values (31, 'Rice - Sushi', 'Rubber', 31, 92);
insert into productslist (id, item_name, type_name, rank, cost) values (32, 'Corn Syrup', 'Granite', 32, 66);
insert into productslist (id, item_name, type_name, rank, cost) values (33, 'Appetizer - Smoked Salmon / Dill', 'Aluminum', 33, 8);
insert into productslist (id, item_name, type_name, rank, cost) values (34, 'French Pastries', 'Plexiglass', 34, 27);
insert into productslist (id, item_name, type_name, rank, cost) values (35, 'Cassis', 'Brass', 35, 17);
insert into productslist (id, item_name, type_name, rank, cost) values (36, 'Ginger - Crystalized', 'Aluminum', 36, 7);
insert into productslist (id, item_name, type_name, rank, cost) values (37, 'Fenngreek Seed', 'Wood', 37, 58);
insert into productslist (id, item_name, type_name, rank, cost) values (38, 'Bread - Roll, Soft White Round', 'Rubber', 38, 50);
insert into productslist (id, item_name, type_name, rank, cost) values (39, 'Cheese - Parmesan Grated', 'Brass', 39, 87);
insert into productslist (id, item_name, type_name, rank, cost) values (40, 'Milk - Condensed', 'Granite', 40, 9);
insert into productslist (id, item_name, type_name, rank, cost) values (41, 'Wine - Red, Cabernet Merlot', 'Plastic', 41, 22);
insert into productslist (id, item_name, type_name, rank, cost) values (42, 'Iced Tea Concentrate', 'Granite', 42, 84);
insert into productslist (id, item_name, type_name, rank, cost) values (43, 'Sloe Gin - Mcguinness', 'Granite', 43, 70);
insert into productslist (id, item_name, type_name, rank, cost) values (44, 'Bagelers', 'Rubber', 44, 71);
insert into productslist (id, item_name, type_name, rank, cost) values (45, 'Coffee Cup 8oz 5338cd', 'Steel', 45, 4);
insert into productslist (id, item_name, type_name, rank, cost) values (46, 'Pepper - Chili Powder', 'Brass', 46, 15);
insert into productslist (id, item_name, type_name, rank, cost) values (47, 'Fish - Soup Base, Bouillon', 'Wood', 47, 40);
insert into productslist (id, item_name, type_name, rank, cost) values (48, 'Beef - Inside Round', 'Brass', 48, 87);
insert into productslist (id, item_name, type_name, rank, cost) values (49, 'Table Cloth - 53x69 Colour', 'Plexiglass', 49, 89);
insert into productslist (id, item_name, type_name, rank, cost) values (50, 'Pastry - Key Limepoppy Seed Tea', 'Glass', 50, 85);
insert into productslist (id, item_name, type_name, rank, cost) values (51, 'Island Oasis - Wildberry', 'Plexiglass', 51, 7);
insert into productslist (id, item_name, type_name, rank, cost) values (52, 'Transfer Sheets', 'Glass', 52, 11);
insert into productslist (id, item_name, type_name, rank, cost) values (53, 'Oil - Shortening - All - Purpose', 'Stone', 53, 29);
insert into productslist (id, item_name, type_name, rank, cost) values (54, 'Mikes Hard Lemonade', 'Glass', 54, 47);
insert into productslist (id, item_name, type_name, rank, cost) values (55, 'Wine - Zinfandel California 2002', 'Brass', 55, 0);
insert into productslist (id, item_name, type_name, rank, cost) values (56, 'Wine - Montecillo Rioja Crianza', 'Plexiglass', 56, 58);
insert into productslist (id, item_name, type_name, rank, cost) values (57, 'Lamb - Leg, Boneless', 'Glass', 57, 13);
insert into productslist (id, item_name, type_name, rank, cost) values (58, 'Tomatoes - Yellow Hot House', 'Steel', 58, 97);
insert into productslist (id, item_name, type_name, rank, cost) values (59, 'Coriander - Ground', 'Granite', 59, 31);
insert into productslist (id, item_name, type_name, rank, cost) values (60, 'Dish Towel', 'Glass', 60, 99);
insert into productslist (id, item_name, type_name, rank, cost) values (61, 'Sauce - Ranch Dressing', 'Aluminum', 61, 93);
insert into productslist (id, item_name, type_name, rank, cost) values (62, 'Oven Mitts 17 Inch', 'Rubber', 62, 21);
insert into productslist (id, item_name, type_name, rank, cost) values (63, 'Beer - Labatt Blue', 'Plastic', 63, 66);
insert into productslist (id, item_name, type_name, rank, cost) values (64, 'Lentils - Green, Dry', 'Wood', 64, 49);
insert into productslist (id, item_name, type_name, rank, cost) values (65, 'Tea - Vanilla Chai', 'Rubber', 65, 13);
insert into productslist (id, item_name, type_name, rank, cost) values (66, 'Lamb - Rack', 'Aluminum', 66, 17);
insert into productslist (id, item_name, type_name, rank, cost) values (67, 'Southern Comfort', 'Vinyl', 67, 42);
insert into productslist (id, item_name, type_name, rank, cost) values (68, 'Cake - Cheese Cake 9 Inch', 'Granite', 68, 39);
insert into productslist (id, item_name, type_name, rank, cost) values (69, 'Ice Cream Bar - Hagen Daz', 'Granite', 69, 39);
insert into productslist (id, item_name, type_name, rank, cost) values (70, 'Jameson Irish Whiskey', 'Stone', 70, 89);
insert into productslist (id, item_name, type_name, rank, cost) values (71, 'Nut - Pine Nuts, Whole', 'Plastic', 71, 14);
insert into productslist (id, item_name, type_name, rank, cost) values (72, 'Soup - Campbells Beef Noodle', 'Plastic', 72, 57);
insert into productslist (id, item_name, type_name, rank, cost) values (73, 'Pasta - Penne, Rigate, Dry', 'Aluminum', 73, 2);
insert into productslist (id, item_name, type_name, rank, cost) values (74, 'Truffle - Whole Black Peeled', 'Plexiglass', 74, 22);
insert into productslist (id, item_name, type_name, rank, cost) values (75, 'Cocoa Feuilletine', 'Stone', 75, 58);
insert into productslist (id, item_name, type_name, rank, cost) values (76, 'Sambuca Cream', 'Wood', 76, 14);
insert into productslist (id, item_name, type_name, rank, cost) values (77, 'Nectarines', 'Steel', 77, 47);
insert into productslist (id, item_name, type_name, rank, cost) values (78, 'Canada Dry', 'Plastic', 78, 98);
insert into productslist (id, item_name, type_name, rank, cost) values (79, 'Absolut Citron', 'Stone', 79, 74);
insert into productslist (id, item_name, type_name, rank, cost) values (80, 'Wine - Jackson Triggs Okonagan', 'Steel', 80, 62);
insert into productslist (id, item_name, type_name, rank, cost) values (81, 'Cake - Pancake', 'Stone', 81, 52);
insert into productslist (id, item_name, type_name, rank, cost) values (82, 'Bacardi Mojito', 'Wood', 82, 90);
insert into productslist (id, item_name, type_name, rank, cost) values (83, 'Paper Cocktail Umberlla 80 - 180', 'Glass', 83, 89);
insert into productslist (id, item_name, type_name, rank, cost) values (84, 'Shrimp - 150 - 250', 'Vinyl', 84, 94);
insert into productslist (id, item_name, type_name, rank, cost) values (85, 'Beans - Fava, Canned', 'Steel', 85, 14);
insert into productslist (id, item_name, type_name, rank, cost) values (86, 'Tea - Decaf 1 Cup', 'Stone', 86, 11);
insert into productslist (id, item_name, type_name, rank, cost) values (87, 'Monkfish Fresh - Skin Off', 'Vinyl', 87, 86);
insert into productslist (id, item_name, type_name, rank, cost) values (88, 'Sauce - Caesar Dressing', 'Vinyl', 88, 32);
insert into productslist (id, item_name, type_name, rank, cost) values (89, 'Longos - Chicken Wings', 'Wood', 89, 40);
insert into productslist (id, item_name, type_name, rank, cost) values (90, 'Wine - White, Concha Y Toro', 'Glass', 90, 85);
insert into productslist (id, item_name, type_name, rank, cost) values (91, 'Sugar - Fine', 'Plastic', 91, 2);
insert into productslist (id, item_name, type_name, rank, cost) values (92, 'Sunflower Seed Raw', 'Brass', 92, 46);
insert into productslist (id, item_name, type_name, rank, cost) values (93, 'Tomatoes Tear Drop', 'Aluminum', 93, 12);
insert into productslist (id, item_name, type_name, rank, cost) values (94, 'Bread Cranberry Foccacia', 'Glass', 94, 56);
insert into productslist (id, item_name, type_name, rank, cost) values (95, 'Triple Sec - Mcguinness', 'Rubber', 95, 48);
insert into productslist (id, item_name, type_name, rank, cost) values (96, 'Doilies - 10, Paper', 'Rubber', 96, 72);
insert into productslist (id, item_name, type_name, rank, cost) values (97, 'Southern Comfort', 'Wood', 97, 14);
insert into productslist (id, item_name, type_name, rank, cost) values (98, 'Pork - Bacon,back Peameal', 'Rubber', 98, 93);
insert into productslist (id, item_name, type_name, rank, cost) values (99, 'Brownies - Two Bite, Chocolate', 'Granite', 99, 23);
insert into productslist (id, item_name, type_name, rank, cost) values (100, 'Beer - Blue', 'Wood', 100, 1);

insert into basket (id, cost, counter, productslist_id) values (1, '4983067418', 1, 1);
insert into basket (id, cost, counter, productslist_id) values (2, '2780467541', 2, 2);
insert into basket (id, cost, counter, productslist_id) values (3, '3377942610', 3, 3);
insert into basket (id, cost, counter, productslist_id) values (4, '8447839370', 4, 4);
insert into basket (id, cost, counter, productslist_id) values (5, '7405400515', 5, 5);
insert into basket (id, cost, counter, productslist_id) values (6, '9014900678', 6, 6);
insert into basket (id, cost, counter, productslist_id) values (7, '1836564813', 7, 7);
insert into basket (id, cost, counter, productslist_id) values (8, '9712970515', 8, 8);
insert into basket (id, cost, counter, productslist_id) values (9, '2752803893', 9, 9);
insert into basket (id, cost, counter, productslist_id) values (10, '9118494382', 10, 10);
insert into basket (id, cost, counter, productslist_id) values (11, '7784889712', 11, 11);
insert into basket (id, cost, counter, productslist_id) values (12, '7640315166', 12, 12);
insert into basket (id, cost, counter, productslist_id) values (13, '3942137240', 13, 13);
insert into basket (id, cost, counter, productslist_id) values (14, '2161709356', 14, 14);
insert into basket (id, cost, counter, productslist_id) values (15, '4341996444', 15, 15);
insert into basket (id, cost, counter, productslist_id) values (16, '7099695800', 16, 16);
insert into basket (id, cost, counter, productslist_id) values (17, '7867172521', 17, 17);
insert into basket (id, cost, counter, productslist_id) values (18, '3853307612', 18, 18);
insert into basket (id, cost, counter, productslist_id) values (19, '2321600853', 19, 19);
insert into basket (id, cost, counter, productslist_id) values (20, '3274054178', 20, 20);
insert into basket (id, cost, counter, productslist_id) values (21, '4043164718', 21, 21);
insert into basket (id, cost, counter, productslist_id) values (22, '8188848549', 22, 22);
insert into basket (id, cost, counter, productslist_id) values (23, '3161462629', 23, 23);
insert into basket (id, cost, counter, productslist_id) values (24, '3043539354', 24, 24);
insert into basket (id, cost, counter, productslist_id) values (25, '5750887103', 25, 25);
insert into basket (id, cost, counter, productslist_id) values (26, '8298576756', 26, 26);
insert into basket (id, cost, counter, productslist_id) values (27, '4266326408', 27, 27);
insert into basket (id, cost, counter, productslist_id) values (28, '6148362317', 28, 28);
insert into basket (id, cost, counter, productslist_id) values (29, '1395840903', 29, 29);
insert into basket (id, cost, counter, productslist_id) values (30, '1069567434', 30, 30);
insert into basket (id, cost, counter, productslist_id) values (31, '6614797085', 31, 31);
insert into basket (id, cost, counter, productslist_id) values (32, '8872633133', 32, 32);
insert into basket (id, cost, counter, productslist_id) values (33, '0318437023', 33, 33);
insert into basket (id, cost, counter, productslist_id) values (34, '4471168614', 34, 34);
insert into basket (id, cost, counter, productslist_id) values (35, '6809253572', 35, 35);
insert into basket (id, cost, counter, productslist_id) values (36, '6472707332', 36, 36);
insert into basket (id, cost, counter, productslist_id) values (37, '8568310494', 37, 37);
insert into basket (id, cost, counter, productslist_id) values (38, '3151170420', 38, 38);
insert into basket (id, cost, counter, productslist_id) values (39, '9838076244', 39, 39);
insert into basket (id, cost, counter, productslist_id) values (40, '3236462450', 40, 40);
insert into basket (id, cost, counter, productslist_id) values (41, '3722930693', 41, 41);
insert into basket (id, cost, counter, productslist_id) values (42, '9306980426', 42, 42);
insert into basket (id, cost, counter, productslist_id) values (43, '3188402244', 43, 43);
insert into basket (id, cost, counter, productslist_id) values (44, '2217678930', 44, 44);
insert into basket (id, cost, counter, productslist_id) values (45, '0190795700', 45, 45);
insert into basket (id, cost, counter, productslist_id) values (46, '8194098971', 46, 46);
insert into basket (id, cost, counter, productslist_id) values (47, '9109119930', 47, 47);
insert into basket (id, cost, counter, productslist_id) values (48, '3406256945', 48, 48);
insert into basket (id, cost, counter, productslist_id) values (49, '4373663661', 49, 49);
insert into basket (id, cost, counter, productslist_id) values (50, '0679629203', 50, 50);
insert into basket (id, cost, counter, productslist_id) values (51, '4404749368', 51, 51);
insert into basket (id, cost, counter, productslist_id) values (52, '1163468576', 52, 52);
insert into basket (id, cost, counter, productslist_id) values (53, '5179602807', 53, 53);
insert into basket (id, cost, counter, productslist_id) values (54, '8252204295', 54, 54);
insert into basket (id, cost, counter, productslist_id) values (55, '8904052904', 55, 55);
insert into basket (id, cost, counter, productslist_id) values (56, '5661619189', 56, 56);
insert into basket (id, cost, counter, productslist_id) values (57, '9539699967', 57, 57);
insert into basket (id, cost, counter, productslist_id) values (58, '4303211443', 58, 58);
insert into basket (id, cost, counter, productslist_id) values (59, '9366498140', 59, 59);
insert into basket (id, cost, counter, productslist_id) values (60, '5535889962', 60, 60);
insert into basket (id, cost, counter, productslist_id) values (61, '5408969428', 61, 61);
insert into basket (id, cost, counter, productslist_id) values (62, '9454882481', 62, 62);
insert into basket (id, cost, counter, productslist_id) values (63, '6403747215', 63, 63);
insert into basket (id, cost, counter, productslist_id) values (64, '6397347133', 64, 64);
insert into basket (id, cost, counter, productslist_id) values (65, '8014126491', 65, 65);
insert into basket (id, cost, counter, productslist_id) values (66, '8787449366', 66, 66);
insert into basket (id, cost, counter, productslist_id) values (67, '0195571312', 67, 67);
insert into basket (id, cost, counter, productslist_id) values (68, '3172482642', 68, 68);
insert into basket (id, cost, counter, productslist_id) values (69, '1783421541', 69, 69);
insert into basket (id, cost, counter, productslist_id) values (70, '8944416567', 70, 70);
insert into basket (id, cost, counter, productslist_id) values (71, '9148415510', 71, 71);
insert into basket (id, cost, counter, productslist_id) values (72, '2583832786', 72, 72);
insert into basket (id, cost, counter, productslist_id) values (73, '0652122507', 73, 73);
insert into basket (id, cost, counter, productslist_id) values (74, '6115352991', 74, 74);
insert into basket (id, cost, counter, productslist_id) values (75, '7592428334', 75, 75);
insert into basket (id, cost, counter, productslist_id) values (76, '3682503811', 76, 76);
insert into basket (id, cost, counter, productslist_id) values (77, '3814756746', 77, 77);
insert into basket (id, cost, counter, productslist_id) values (78, '1044589280', 78, 78);
insert into basket (id, cost, counter, productslist_id) values (79, '0827713606', 79, 79);
insert into basket (id, cost, counter, productslist_id) values (80, '0504313851', 80, 80);
insert into basket (id, cost, counter, productslist_id) values (81, '6270893011', 81, 81);
insert into basket (id, cost, counter, productslist_id) values (82, '2432502701', 82, 82);
insert into basket (id, cost, counter, productslist_id) values (83, '5330987121', 83, 83);
insert into basket (id, cost, counter, productslist_id) values (84, '3831286523', 84, 84);
insert into basket (id, cost, counter, productslist_id) values (85, '6708812274', 85, 85);
insert into basket (id, cost, counter, productslist_id) values (86, '2777617139', 86, 86);
insert into basket (id, cost, counter, productslist_id) values (87, '1569220123', 87, 87);
insert into basket (id, cost, counter, productslist_id) values (88, '0052514218', 88, 88);
insert into basket (id, cost, counter, productslist_id) values (89, '6752259704', 89, 89);
insert into basket (id, cost, counter, productslist_id) values (90, '8506525292', 90, 90);
insert into basket (id, cost, counter, productslist_id) values (91, '4350472266', 91, 91);
insert into basket (id, cost, counter, productslist_id) values (92, '0732812321', 92, 92);
insert into basket (id, cost, counter, productslist_id) values (93, '1670819620', 93, 93);
insert into basket (id, cost, counter, productslist_id) values (94, '3390825177', 94, 94);
insert into basket (id, cost, counter, productslist_id) values (95, '8721409471', 95, 95);
insert into basket (id, cost, counter, productslist_id) values (96, '1666912301', 96, 96);
insert into basket (id, cost, counter, productslist_id) values (97, '0127920595', 97, 97);
insert into basket (id, cost, counter, productslist_id) values (98, '6707855360', 98, 98);
insert into basket (id, cost, counter, productslist_id) values (99, '4749994073', 99, 99);
insert into basket (id, cost, counter, productslist_id) values (100, '5117018672', 100, 100);


insert into customers (id, basket_id, cust_name, cust_email, cust_phone_number, cust_location, cust_payment) values (1, 1, 'Anderea', 'aantyukhin0@huffingtonpost.com', '129-342-8419', 'Syria', '36230961483253');
insert into customers (id, basket_id, cust_name, cust_email, cust_phone_number, cust_location, cust_payment) values (2, 2, 'Virgie', 'vslaght1@google.es', '444-777-0548', 'Indonesia', '6334896948052670');
insert into customers (id, basket_id, cust_name, cust_email, cust_phone_number, cust_location, cust_payment) values (3, 3, 'Towney', 'tgilchrist2@de.vu', '595-510-5664', 'Russia', '201960817585492');
insert into customers (id, basket_id, cust_name, cust_email, cust_phone_number, cust_location, cust_payment) values (4, 4, 'Antonetta', 'aacome3@alibaba.com', '700-201-9068', 'Kazakhstan', '6767588939049466961');
insert into customers (id, basket_id, cust_name, cust_email, cust_phone_number, cust_location, cust_payment) values (5, 5, 'Ragnar', 'rvickress4@reverbnation.com', '104-621-3134', 'Sweden', '560223615158728468');
insert into customers (id, basket_id, cust_name, cust_email, cust_phone_number, cust_location, cust_payment) values (6, 6, 'Lawton', 'lsutherden5@china.com.cn', '738-257-8118', 'Sweden', '5602215092471761953');
insert into customers (id, basket_id, cust_name, cust_email, cust_phone_number, cust_location, cust_payment) values (7, 7, 'Ruprecht', 'rgullberg6@ezinearticles.com', '720-967-4030', 'Russia', '6304402585076605');
insert into customers (id, basket_id, cust_name, cust_email, cust_phone_number, cust_location, cust_payment) values (8, 8, 'Buddy', 'babbotson7@blinklist.com', '999-347-8102', 'Finland', '3585180590051873');
insert into customers (id, basket_id, cust_name, cust_email, cust_phone_number, cust_location, cust_payment) values (9, 9, 'Katlin', 'kdand8@theatlantic.com', '739-732-8527', 'Papua New Guinea', '3566695223530533');
insert into customers (id, basket_id, cust_name, cust_email, cust_phone_number, cust_location, cust_payment) values (10, 10, 'Bobine', 'bdripp9@51.la', '370-740-4964', 'Philippines', '4508933843562316');
insert into customers (id, basket_id, cust_name, cust_email, cust_phone_number, cust_location, cust_payment) values (11, 11, 'Ally', 'ajirsaa@japanpost.jp', '143-124-6257', 'Indonesia', '4917946297422014');
insert into customers (id, basket_id, cust_name, cust_email, cust_phone_number, cust_location, cust_payment) values (12, 12, 'Devlen', 'dhalseyb@upenn.edu', '509-127-2012', 'Ecuador', '6762064892667511');
insert into customers (id, basket_id, cust_name, cust_email, cust_phone_number, cust_location, cust_payment) values (13, 13, 'Constantina', 'cdenormanvillec@naver.com', '200-477-7699', 'Indonesia', '3534741247185034');
insert into customers (id, basket_id, cust_name, cust_email, cust_phone_number, cust_location, cust_payment) values (14, 14, 'Fayette', 'fbraniffd@telegraph.co.uk', '761-962-3134', 'Argentina', '3589339052587917');
insert into customers (id, basket_id, cust_name, cust_email, cust_phone_number, cust_location, cust_payment) values (15, 15, 'Faith', 'fgajownike@answers.com', '650-930-4829', 'Ukraine', '3535867595058090');
insert into customers (id, basket_id, cust_name, cust_email, cust_phone_number, cust_location, cust_payment) values (16, 16, 'Alexandro', 'asinnockf@fotki.com', '125-219-8156', 'Poland', '5641827547486597');
insert into customers (id, basket_id, cust_name, cust_email, cust_phone_number, cust_location, cust_payment) values (17, 17, 'Tabb', 'tstaresg@amazonaws.com', '181-171-5528', 'Indonesia', '63048999979472201');
insert into customers (id, basket_id, cust_name, cust_email, cust_phone_number, cust_location, cust_payment) values (18, 18, 'Sherye', 'sbywaterh@edublogs.org', '785-929-5477', 'Finland', '3586070669110727');
insert into customers (id, basket_id, cust_name, cust_email, cust_phone_number, cust_location, cust_payment) values (19, 19, 'Monah', 'mpierroi@youtu.be', '273-457-1482', 'Czech Republic', '3547241339900734');
insert into customers (id, basket_id, cust_name, cust_email, cust_phone_number, cust_location, cust_payment) values (20, 20, 'Dita', 'drummerj@paginegialle.it', '321-970-0764', 'Portugal', '3561036912516381');
insert into customers (id, basket_id, cust_name, cust_email, cust_phone_number, cust_location, cust_payment) values (21, 21, 'Field', 'fbarszczewskik@pcworld.com', '563-881-5983', 'Morocco', '5377176191787607');
insert into customers (id, basket_id, cust_name, cust_email, cust_phone_number, cust_location, cust_payment) values (22, 22, 'Nissie', 'nmarrittl@symantec.com', '116-668-9989', 'China', '3559344737066507');
insert into customers (id, basket_id, cust_name, cust_email, cust_phone_number, cust_location, cust_payment) values (23, 23, 'Augustin', 'aclausewitzm@senate.gov', '618-947-1915', 'Russia', '5474481201186135');
insert into customers (id, basket_id, cust_name, cust_email, cust_phone_number, cust_location, cust_payment) values (24, 24, 'Vickie', 'vuttleyn@livejournal.com', '413-529-7144', 'Argentina', '3548467326111287');
insert into customers (id, basket_id, cust_name, cust_email, cust_phone_number, cust_location, cust_payment) values (25, 25, 'Alphard', 'amillotto@angelfire.com', '871-776-3362', 'Sweden', '201997379014248');
insert into customers (id, basket_id, cust_name, cust_email, cust_phone_number, cust_location, cust_payment) values (26, 26, 'Beverlie', 'balvinp@accuweather.com', '919-261-7587', 'Poland', '3530208408259200');
insert into customers (id, basket_id, cust_name, cust_email, cust_phone_number, cust_location, cust_payment) values (27, 27, 'Darsey', 'dreijmersq@flickr.com', '833-887-8549', 'Poland', '3529137197100593');
insert into customers (id, basket_id, cust_name, cust_email, cust_phone_number, cust_location, cust_payment) values (28, 28, 'Gian', 'gsewellr@unicef.org', '236-359-0908', 'Indonesia', '30051935089919');
insert into customers (id, basket_id, cust_name, cust_email, cust_phone_number, cust_location, cust_payment) values (29, 29, 'Marwin', 'mdudenies@usda.gov', '177-722-1567', 'Philippines', '6334833825192774');
insert into customers (id, basket_id, cust_name, cust_email, cust_phone_number, cust_location, cust_payment) values (30, 30, 'Caldwell', 'csteart@google.pl', '221-428-7220', 'Sweden', '3572071889218411');
insert into customers (id, basket_id, cust_name, cust_email, cust_phone_number, cust_location, cust_payment) values (31, 31, 'Jordanna', 'jrichardsu@cbsnews.com', '269-673-8410', 'Iran', '3557643236881270');
insert into customers (id, basket_id, cust_name, cust_email, cust_phone_number, cust_location, cust_payment) values (32, 32, 'Seymour', 'slauretv@cbsnews.com', '416-790-7745', 'China', '4936846844634905798');
insert into customers (id, basket_id, cust_name, cust_email, cust_phone_number, cust_location, cust_payment) values (33, 33, 'Tanner', 'tshilitonw@netscape.com', '856-442-2695', 'Bangladesh', '5048379933942568');
insert into customers (id, basket_id, cust_name, cust_email, cust_phone_number, cust_location, cust_payment) values (34, 34, 'Barry', 'blemoirx@scribd.com', '912-481-8429', 'Brazil', '374288006419278');
insert into customers (id, basket_id, cust_name, cust_email, cust_phone_number, cust_location, cust_payment) values (35, 35, 'Kissiah', 'kjakubovskiy@tamu.edu', '940-352-8210', 'Philippines', '6331101351371767508');
insert into customers (id, basket_id, cust_name, cust_email, cust_phone_number, cust_location, cust_payment) values (36, 36, 'Dacie', 'deverallz@imageshack.us', '633-433-5433', 'Spain', '5893071819395522436');
insert into customers (id, basket_id, cust_name, cust_email, cust_phone_number, cust_location, cust_payment) values (37, 37, 'Frans', 'fthickett10@microsoft.com', '399-218-2058', 'Indonesia', '5048371204297384');
insert into customers (id, basket_id, cust_name, cust_email, cust_phone_number, cust_location, cust_payment) values (38, 38, 'Harmon', 'hmattiazzi11@bloomberg.com', '955-549-6889', 'Nigeria', '3552693824553810');
insert into customers (id, basket_id, cust_name, cust_email, cust_phone_number, cust_location, cust_payment) values (39, 39, 'Jillane', 'jbroadnicke12@zimbio.com', '838-578-9139', 'China', '490372808127024817');
insert into customers (id, basket_id, cust_name, cust_email, cust_phone_number, cust_location, cust_payment) values (40, 40, 'Sada', 'shutchens13@hubpages.com', '857-675-8536', 'France', '3559314980433613');
insert into customers (id, basket_id, cust_name, cust_email, cust_phone_number, cust_location, cust_payment) values (41, 41, 'Farrel', 'fjerred14@surveymonkey.com', '239-454-0034', 'Indonesia', '6393618432656164');
insert into customers (id, basket_id, cust_name, cust_email, cust_phone_number, cust_location, cust_payment) values (42, 42, 'Norrie', 'nmaddock15@ehow.com', '263-280-6268', 'China', '3578633300591132');
insert into customers (id, basket_id, cust_name, cust_email, cust_phone_number, cust_location, cust_payment) values (43, 43, 'Correy', 'cwhitcher16@yolasite.com', '567-228-8185', 'Kyrgyzstan', '6759076782186456');
insert into customers (id, basket_id, cust_name, cust_email, cust_phone_number, cust_location, cust_payment) values (44, 44, 'Reinhard', 'rkelsell17@linkedin.com', '650-123-8874', 'Portugal', '3533289488181750');
insert into customers (id, basket_id, cust_name, cust_email, cust_phone_number, cust_location, cust_payment) values (45, 45, 'Vasili', 'vmistry18@indiatimes.com', '182-994-9273', 'France', '560225832156180810');
insert into customers (id, basket_id, cust_name, cust_email, cust_phone_number, cust_location, cust_payment) values (46, 46, 'Perry', 'pheinschke19@google.fr', '583-137-3975', 'Bangladesh', '5100133028451307');
insert into customers (id, basket_id, cust_name, cust_email, cust_phone_number, cust_location, cust_payment) values (47, 47, 'Thadeus', 'tgaynesford1a@icq.com', '581-206-6173', 'Portugal', '6384950679943810');
insert into customers (id, basket_id, cust_name, cust_email, cust_phone_number, cust_location, cust_payment) values (48, 48, 'Carlos', 'creck1b@jugem.jp', '917-188-6391', 'China', '4917659815019101');
insert into customers (id, basket_id, cust_name, cust_email, cust_phone_number, cust_location, cust_payment) values (49, 49, 'Bettina', 'bwikey1c@marketwatch.com', '403-203-1973', 'China', '4026038304977897');
insert into customers (id, basket_id, cust_name, cust_email, cust_phone_number, cust_location, cust_payment) values (50, 50, 'Timmie', 'tcaberas1d@e-recht24.de', '302-513-3327', 'China', '5602259359275602');
insert into customers (id, basket_id, cust_name, cust_email, cust_phone_number, cust_location, cust_payment) values (51, 51, 'Anthiathia', 'agowler1e@nps.gov', '151-551-3773', 'Croatia', '503826818693290157');
insert into customers (id, basket_id, cust_name, cust_email, cust_phone_number, cust_location, cust_payment) values (52, 52, 'Kary', 'kdransfield1f@cdc.gov', '693-634-3574', 'Peru', '348642958855298');
insert into customers (id, basket_id, cust_name, cust_email, cust_phone_number, cust_location, cust_payment) values (53, 53, 'Miof mela', 'mstolberger1g@si.edu', '154-934-6530', 'Ghana', '3573831316556942');
insert into customers (id, basket_id, cust_name, cust_email, cust_phone_number, cust_location, cust_payment) values (54, 54, 'Cello', 'cmoral1h@xrea.com', '422-594-2910', 'Greece', '3571714687926906');
insert into customers (id, basket_id, cust_name, cust_email, cust_phone_number, cust_location, cust_payment) values (55, 55, 'Eryn', 'ebetun1i@latimes.com', '239-769-3395', 'France', '3535279429440520');
insert into customers (id, basket_id, cust_name, cust_email, cust_phone_number, cust_location, cust_payment) values (56, 56, 'Cassius', 'cconnock1j@gmpg.org', '246-948-6216', 'Indonesia', '560222009260887290');
insert into customers (id, basket_id, cust_name, cust_email, cust_phone_number, cust_location, cust_payment) values (57, 57, 'Jamaal', 'jdeschlein1k@umich.edu', '622-993-7688', 'Japan', '201675037760697');
insert into customers (id, basket_id, cust_name, cust_email, cust_phone_number, cust_location, cust_payment) values (58, 58, 'Kahlil', 'kohaire1l@homestead.com', '541-855-4914', 'France', '5414817651082907');
insert into customers (id, basket_id, cust_name, cust_email, cust_phone_number, cust_location, cust_payment) values (59, 59, 'Nikaniki', 'nchevins1m@ameblo.jp', '160-936-5110', 'Serbia', '3546424401405946');
insert into customers (id, basket_id, cust_name, cust_email, cust_phone_number, cust_location, cust_payment) values (60, 60, 'Nicolina', 'nhansley1n@purevolume.com', '936-557-5189', 'Czech Republic', '0604825278775556');
insert into customers (id, basket_id, cust_name, cust_email, cust_phone_number, cust_location, cust_payment) values (61, 61, 'Bibbie', 'bchasemoore1o@newsvine.com', '614-217-6204', 'United States', '4917074546641217');
insert into customers (id, basket_id, cust_name, cust_email, cust_phone_number, cust_location, cust_payment) values (62, 62, 'Courtenay', 'cdowry1p@miibeian.gov.cn', '403-432-1147', 'France', '30366519118250');
insert into customers (id, basket_id, cust_name, cust_email, cust_phone_number, cust_location, cust_payment) values (63, 63, 'Winn', 'wmara1q@walmart.com', '971-888-1591', 'Brazil', '36171180545391');
insert into customers (id, basket_id, cust_name, cust_email, cust_phone_number, cust_location, cust_payment) values (64, 64, 'Cecil', 'ccampana1r@jugem.jp', '531-494-7597', 'Nigeria', '56022224363198849');
insert into customers (id, basket_id, cust_name, cust_email, cust_phone_number, cust_location, cust_payment) values (65, 65, 'Lindsay', 'lsandry1s@sun.com', '419-150-4869', 'Ireland', '4913997400058959');
insert into customers (id, basket_id, cust_name, cust_email, cust_phone_number, cust_location, cust_payment) values (66, 66, 'Giorgia', 'gponcet1t@desdev.cn', '203-921-3751', 'Indonesia', '3584859280580462');
insert into customers (id, basket_id, cust_name, cust_email, cust_phone_number, cust_location, cust_payment) values (67, 67, 'Harwilll', 'hdecruz1u@e-recht24.de', '356-396-1245', 'Sweden', '4917727260492873');
insert into customers (id, basket_id, cust_name, cust_email, cust_phone_number, cust_location, cust_payment) values (68, 68, 'Lexis', 'lkinge1v@yellowbook.com', '592-932-8900', 'Ecuador', '6763204665396761737');
insert into customers (id, basket_id, cust_name, cust_email, cust_phone_number, cust_location, cust_payment) values (69, 69, 'Meredith', 'mmillard1w@a8.net', '149-538-4644', 'South Africa', '6390651637449989');
insert into customers (id, basket_id, cust_name, cust_email, cust_phone_number, cust_location, cust_payment) values (70, 70, 'Martita', 'mglawsop1x@xrea.com', '717-247-3331', 'United States', '3560856514448670');
insert into customers (id, basket_id, cust_name, cust_email, cust_phone_number, cust_location, cust_payment) values (71, 71, 'Ingrim', 'ifossord1y@photobucket.com', '737-915-8419', 'Philippines', '503848691039511063');
insert into customers (id, basket_id, cust_name, cust_email, cust_phone_number, cust_location, cust_payment) values (72, 72, 'Brockie', 'bnyssens1z@devhub.com', '970-940-6958', 'China', '6331105104765460');
insert into customers (id, basket_id, cust_name, cust_email, cust_phone_number, cust_location, cust_payment) values (73, 73, 'Elisabeth', 'eivory20@t.co', '836-177-3957', 'China', '3573533956765540');
insert into customers (id, basket_id, cust_name, cust_email, cust_phone_number, cust_location, cust_payment) values (74, 74, 'Torr', 'tdugo21@pbs.org', '725-856-7444', 'Russia', '5277417541297942');
insert into customers (id, basket_id, cust_name, cust_email, cust_phone_number, cust_location, cust_payment) values (75, 75, 'Reade', 'rgrimshaw22@dropbox.com', '318-870-1224', 'Philippines', '3562545541297840');
insert into customers (id, basket_id, cust_name, cust_email, cust_phone_number, cust_location, cust_payment) values (76, 76, 'Lucias', 'lbellinger23@cnbc.com', '686-141-2954', 'China', '30246994181108');
insert into customers (id, basket_id, cust_name, cust_email, cust_phone_number, cust_location, cust_payment) values (77, 77, 'Bryce', 'bgussie24@lycos.com', '243-589-1206', 'Philippines', '3566429188550348');
insert into customers (id, basket_id, cust_name, cust_email, cust_phone_number, cust_location, cust_payment) values (78, 78, 'Chryste', 'cbroune25@nhs.uk', '512-663-3335', 'China', '3557521360752964');
insert into customers (id, basket_id, cust_name, cust_email, cust_phone_number, cust_location, cust_payment) values (79, 79, 'Sadella', 'sbabinski26@ebay.com', '767-821-2774', 'Iceland', '4175000141798703');
insert into customers (id, basket_id, cust_name, cust_email, cust_phone_number, cust_location, cust_payment) values (80, 80, 'Rolland', 'rhabbes27@nih.gov', '797-315-5043', 'China', '3537139712526021');
insert into customers (id, basket_id, cust_name, cust_email, cust_phone_number, cust_location, cust_payment) values (81, 81, 'Katusha', 'ksloat28@xrea.com', '784-257-7534', 'Niger', '3572238504149533');
insert into customers (id, basket_id, cust_name, cust_email, cust_phone_number, cust_location, cust_payment) values (82, 82, 'Richard', 'rstrete29@ycombinator.com', '148-804-8232', 'Brazil', '5602227146757455');
insert into customers (id, basket_id, cust_name, cust_email, cust_phone_number, cust_location, cust_payment) values (83, 83, 'Melisande', 'mmonkton2a@nhs.uk', '742-415-6205', 'Kazakhstan', '30225664042980');
insert into customers (id, basket_id, cust_name, cust_email, cust_phone_number, cust_location, cust_payment) values (84, 84, 'Yetta', 'ykimm2b@bravesites.com', '225-594-9853', 'Russia', '337941836015338');
insert into customers (id, basket_id, cust_name, cust_email, cust_phone_number, cust_location, cust_payment) values (85, 85, 'Ailina', 'adoudney2c@newyorker.com', '183-106-9700', 'Indonesia', '3534713173486561');
insert into customers (id, basket_id, cust_name, cust_email, cust_phone_number, cust_location, cust_payment) values (86, 86, 'Cynthie', 'cbrixey2d@unesco.org', '952-798-8105', 'Sweden', '6333685168570987');
insert into customers (id, basket_id, cust_name, cust_email, cust_phone_number, cust_location, cust_payment) values (87, 87, 'Joly', 'jscurrell2e@bbb.org', '503-393-4972', 'China', '374283216023770');
insert into customers (id, basket_id, cust_name, cust_email, cust_phone_number, cust_location, cust_payment) values (88, 88, 'Dall', 'dmixhel2f@google.it', '236-742-5323', 'Argentina', '3584114493078304');
insert into customers (id, basket_id, cust_name, cust_email, cust_phone_number, cust_location, cust_payment) values (89, 89, 'Brock', 'bmarham2g@usnews.com', '299-492-9354', 'Nicaragua', '5007660140966063');
insert into customers (id, basket_id, cust_name, cust_email, cust_phone_number, cust_location, cust_payment) values (90, 90, 'Tove', 'tbedells2h@lulu.com', '365-575-6493', 'Netherlands', '3536076988914385');
insert into customers (id, basket_id, cust_name, cust_email, cust_phone_number, cust_location, cust_payment) values (91, 91, 'Miguel', 'mcrellin2i@jalbum.net', '674-291-3754', 'Peru', '30012550061450');
insert into customers (id, basket_id, cust_name, cust_email, cust_phone_number, cust_location, cust_payment) values (92, 92, 'Arnoldo', 'abracci2j@devhub.com', '127-697-9938', 'Malawi', '3533988827442316');
insert into customers (id, basket_id, cust_name, cust_email, cust_phone_number, cust_location, cust_payment) values (93, 93, 'Erin', 'ecaudle2k@google.co.uk', '229-702-0009', 'Nepal', '374288880770952');
insert into customers (id, basket_id, cust_name, cust_email, cust_phone_number, cust_location, cust_payment) values (94, 94, 'Electra', 'esargerson2l@canalblog.com', '186-356-6950', 'France', '3579077156246574');
insert into customers (id, basket_id, cust_name, cust_email, cust_phone_number, cust_location, cust_payment) values (95, 95, 'Penni', 'pstrang2m@umn.edu', '819-430-1183', 'Czech Republic', '4508525358309610');
insert into customers (id, basket_id, cust_name, cust_email, cust_phone_number, cust_location, cust_payment) values (96, 96, 'Scotty', 'slythgoe2n@friendfeed.com', '156-200-4092', 'Russia', '3562829954936031');
insert into customers (id, basket_id, cust_name, cust_email, cust_phone_number, cust_location, cust_payment) values (97, 97, 'Madlin', 'mgreenhow2o@freewebs.com', '808-686-0926', 'Poland', '3581494126449319');
insert into customers (id, basket_id, cust_name, cust_email, cust_phone_number, cust_location, cust_payment) values (98, 98, 'Birdie', 'bsilcock2p@bluehost.com', '804-682-3582', 'Zambia', '67099892412905805');
insert into customers (id, basket_id, cust_name, cust_email, cust_phone_number, cust_location, cust_payment) values (99, 99, 'Lanette', 'lchree2q@flavors.me', '681-895-7592', 'Indonesia', '4405980589585187');
insert into customers (id, basket_id, cust_name, cust_email, cust_phone_number, cust_location, cust_payment) values (100, 100, 'Leoline', 'loxherd2r@creativecommons.org', '159-569-9421', 'Azerbaijan', '503821017793168265');



insert into company (id, country, productslist_id) values (1, 'Russia', 1);
insert into company (id, country, productslist_id) values (2, 'Indonesia', 2);
insert into company (id, country, productslist_id) values (3, 'Indonesia', 3);
insert into company (id, country, productslist_id) values (4, 'Brazil', 4);
insert into company (id, country, productslist_id) values (5, 'China', 5);
insert into company (id, country, productslist_id) values (6, 'Indonesia', 6);
insert into company (id, country, productslist_id) values (7, 'Poland', 7);
insert into company (id, country, productslist_id) values (8, 'Guatemala', 8);
insert into company (id, country, productslist_id) values (9, 'Nigeria', 9);
insert into company (id, country, productslist_id) values (10, 'United States', 10);
insert into company (id, country, productslist_id) values (11, 'France', 11);
insert into company (id, country, productslist_id) values (12, 'Philippines', 12);
insert into company (id, country, productslist_id) values (13, 'China', 13);
insert into company (id, country, productslist_id) values (14, 'Chile', 14);
insert into company (id, country, productslist_id) values (15, 'China', 15);
insert into company (id, country, productslist_id) values (16, 'Russia', 16);
insert into company (id, country, productslist_id) values (17, 'Greece', 17);
insert into company (id, country, productslist_id) values (18, 'Philippines', 18);
insert into company (id, country, productslist_id) values (19, 'Israel', 19);
insert into company (id, country, productslist_id) values (20, 'Indonesia', 20);
insert into company (id, country, productslist_id) values (21, 'China', 21);
insert into company (id, country, productslist_id) values (22, 'Vietnam', 22);
insert into company (id, country, productslist_id) values (23, 'China', 23);
insert into company (id, country, productslist_id) values (24, 'Philippines', 24);
insert into company (id, country, productslist_id) values (25, 'Poland', 25);
insert into company (id, country, productslist_id) values (26, 'Greece', 26);
insert into company (id, country, productslist_id) values (27, 'Egypt', 27);
insert into company (id, country, productslist_id) values (28, 'Sweden', 28);
insert into company (id, country, productslist_id) values (29, 'Russia', 29);
insert into company (id, country, productslist_id) values (30, 'France', 30);
insert into company (id, country, productslist_id) values (31, 'Hungary', 31);
insert into company (id, country, productslist_id) values (32, 'China', 32);
insert into company (id, country, productslist_id) values (33, 'Cuba', 33);
insert into company (id, country, productslist_id) values (34, 'Poland', 34);
insert into company (id, country, productslist_id) values (35, 'Peru', 35);
insert into company (id, country, productslist_id) values (36, 'China', 36);
insert into company (id, country, productslist_id) values (37, 'France', 37);
insert into company (id, country, productslist_id) values (38, 'Colombia', 38);
insert into company (id, country, productslist_id) values (39, 'Indonesia', 39);
insert into company (id, country, productslist_id) values (40, 'China', 40);
insert into company (id, country, productslist_id) values (41, 'Russia', 41);
insert into company (id, country, productslist_id) values (42, 'Argentina', 42);
insert into company (id, country, productslist_id) values (43, 'France', 43);
insert into company (id, country, productslist_id) values (44, 'Yemen', 44);
insert into company (id, country, productslist_id) values (45, 'Philippines', 45);
insert into company (id, country, productslist_id) values (46, 'Colombia', 46);
insert into company (id, country, productslist_id) values (47, 'Tajikistan', 47);
insert into company (id, country, productslist_id) values (48, 'Sweden', 48);
insert into company (id, country, productslist_id) values (49, 'Pakistan', 49);
insert into company (id, country, productslist_id) values (50, 'Poland', 50);
insert into company (id, country, productslist_id) values (51, 'Egypt', 51);
insert into company (id, country, productslist_id) values (52, 'China', 52);
insert into company (id, country, productslist_id) values (53, 'Indonesia', 53);
insert into company (id, country, productslist_id) values (54, 'Poland', 54);
insert into company (id, country, productslist_id) values (55, 'China', 55);
insert into company (id, country, productslist_id) values (56, 'China', 56);
insert into company (id, country, productslist_id) values (57, 'China', 57);
insert into company (id, country, productslist_id) values (58, 'Paraguay', 58);
insert into company (id, country, productslist_id) values (59, 'Mexico', 59);
insert into company (id, country, productslist_id) values (60, 'Vietnam', 60);
insert into company (id, country, productslist_id) values (61, 'Philippines', 61);
insert into company (id, country, productslist_id) values (62, 'China', 62);
insert into company (id, country, productslist_id) values (63, 'Indonesia', 63);
insert into company (id, country, productslist_id) values (64, 'Portugal', 64);
insert into company (id, country, productslist_id) values (65, 'Serbia', 65);
insert into company (id, country, productslist_id) values (66, 'Portugal', 66);
insert into company (id, country, productslist_id) values (67, 'North Korea', 67);
insert into company (id, country, productslist_id) values (68, 'Canada', 68);
insert into company (id, country, productslist_id) values (69, 'China', 69);
insert into company (id, country, productslist_id) values (70, 'China', 70);
insert into company (id, country, productslist_id) values (71, 'United States', 71);
insert into company (id, country, productslist_id) values (72, 'Peru', 72);
insert into company (id, country, productslist_id) values (73, 'France', 73);
insert into company (id, country, productslist_id) values (74, 'Egypt', 74);
insert into company (id, country, productslist_id) values (75, 'France', 75);
insert into company (id, country, productslist_id) values (76, 'Bolivia', 76);
insert into company (id, country, productslist_id) values (77, 'Dominican Republic', 77);
insert into company (id, country, productslist_id) values (78, 'Tajikistan', 78);
insert into company (id, country, productslist_id) values (79, 'Uganda', 79);
insert into company (id, country, productslist_id) values (80, 'Poland', 80);
insert into company (id, country, productslist_id) values (81, 'Philippines', 81);
insert into company (id, country, productslist_id) values (82, 'China', 82);
insert into company (id, country, productslist_id) values (83, 'Philippines', 83);
insert into company (id, country, productslist_id) values (84, 'Laos', 84);
insert into company (id, country, productslist_id) values (85, 'Indonesia', 85);
insert into company (id, country, productslist_id) values (86, 'Cameroon', 86);
insert into company (id, country, productslist_id) values (87, 'Greece', 87);
insert into company (id, country, productslist_id) values (88, 'Iran', 88);
insert into company (id, country, productslist_id) values (89, 'Brazil', 89);
insert into company (id, country, productslist_id) values (90, 'Colombia', 90);
insert into company (id, country, productslist_id) values (91, 'China', 91);
insert into company (id, country, productslist_id) values (92, 'Sweden', 92);
insert into company (id, country, productslist_id) values (93, 'China', 93);
insert into company (id, country, productslist_id) values (94, 'Belarus', 94);
insert into company (id, country, productslist_id) values (95, 'Indonesia', 95);
insert into company (id, country, productslist_id) values (96, 'Panama', 96);
insert into company (id, country, productslist_id) values (97, 'Russia', 97);
insert into company (id, country, productslist_id) values (98, 'Poland', 98);
insert into company (id, country, productslist_id) values (99, 'Russia', 99);
insert into company (id, country, productslist_id) values (100, 'Poland', 100)